{
  "realm": "gestao-academica",
  "enabled": true,
  "registrationAllowed": true,
  "loginWithEmailAllowed": true,
  "duplicateEmailsAllowed": false,
  "resetPasswordAllowed": true,
  "smtpServer": {},
  "components": {
    "org.keycloak.userprofile.UserProfileProvider": [
      {
        "name": "declarative-user-profile",
        "providerId": "declarative-user-profile",
        "subComponents": {},
        "config": {
          "up-config": [
            "{\n  \"attributes\": [\n    {\n      \"name\": \"tipoUsuario\",\n      \"displayName\": \"Tipo de usuário\",\n      \"required\": { \"scopes\": [\"registration\"] },\n      \"permissions\": { \"view\": [\"admin\", \"user\"], \"edit\": [\"admin\", \"user\"] },\n      \"validations\": {\n        \"options\": { \"options\": [\"aluno\", \"professor\", \"coordenador\"] }\n      },\n      \"annotations\": { \"inputType\": \"select\" }\n    }\n  ],\n  \"groups\": []\n}"
          ]
        }
      }
    ]
  },
  "roles": {
    "realm": [
      { "name": "aluno" },
      { "name": "professor" },
      { "name": "coordenador" }
    ]
  },
  "clients": [
    {
      "clientId": "frontend",
      "protocol": "openid-connect",
      "publicClient": true,
      "directAccessGrantsEnabled": true,
      "standardFlowEnabled": true,
      "implicitFlowEnabled": false,
      "serviceAccountsEnabled": false,
      "redirectUris": [
        "http://localhost:4200/*",
        "http://localhost:4201/*",
        "http://127.0.0.1:4200/*",
        "http://127.0.0.1:4201/*"
      ],
      "webOrigins": [
        "http://localhost:4200",
        "http://localhost:4201",
        "http://127.0.0.1:4200",
        "http://127.0.0.1:4201"
      ],
      "protocolMappers": [
        {
          "name": "tipoUsuario",
          "protocol": "openid-connect",
          "protocolMapper": "oidc-usermodel-attribute-mapper",
          "consentRequired": false,
          "config": {
            "userinfo.token.claim": "true",
            "user.attribute": "tipoUsuario",
            "id.token.claim": "true",
            "access.token.claim": "true",
            "claim.name": "tipoUsuario",
            "jsonType.label": "String"
          }
        }
      ],
      "attributes": {
        "pkce.code.challenge.method": "S256"
      }
    }
  ],
  "users": [
    {
      "username": "aluno.dev",
      "enabled": true,
      "email": "aluno.dev@gestao-local.test",
      "firstName": "Aluno Dev",
      "lastName": "GA",
      "emailVerified": true,
      "credentials": [
        { "type": "password", "value": "Dev@2025!", "temporary": false }
      ],
      "realmRoles": ["aluno"]
    },
    {
      "username": "prof.dev",
      "enabled": true,
      "email": "prof.dev@gestao-local.test",
      "firstName": "Professor Dev",
      "lastName": "GA",
      "emailVerified": true,
      "credentials": [
        { "type": "password", "value": "Dev@2025!", "temporary": false }
      ],
      "realmRoles": ["professor"]
    },
    {
      "username": "coord.dev",
      "enabled": true,
      "email": "coord.dev@gestao-local.test",
      "firstName": "Coordenador Dev",
      "lastName": "GA",
      "emailVerified": true,
      "credentials": [
        { "type": "password", "value": "Dev@2025!", "temporary": false }
      ],
      "realmRoles": ["coordenador"]
    }
  ]
}
